No.,Time,Source,Destination,Protocol,Length,Time,Info,query,response,id,a,site,,,,
184,106.231329,192.168.122.1,192.168.122.72,DNS,97,0.015526,Standard,query,response,0x0a66,A,Google.com,,,,
192,106.2736,192.168.122.1,192.168.122.72,DNS,97,0.001001,Standard,query,response,0x1ff4,A,Google.com,,,,
200,106.304924,192.168.122.1,192.168.122.72,DNS,97,0.001,Standard,query,response,0xe8c7,A,Google.com,,,,
210,106.364296,192.168.122.1,192.168.122.72,DNS,97,0.000738,Standard,query,response,0x8035,A,Google.com,,,,
218,106.394404,192.168.122.1,192.168.122.72,DNS,97,0.000973,Standard,query,response,0xc1b0,A,Google.com,,,,
226,106.436138,192.168.122.1,192.168.122.72,DNS,98,0.01345,Standard,query,response,0xb18d,A,Youtube.com,,,,
234,106.484426,192.168.122.1,192.168.122.72,DNS,98,0.001078,Standard,query,response,0xefb5,A,Youtube.com,,,,
242,106.515815,192.168.122.1,192.168.122.72,DNS,98,0.001178,Standard,query,response,0xafc1,A,Youtube.com,,,,
250,106.549043,192.168.122.1,192.168.122.72,DNS,98,0.000887,Standard,query,response,0xf248,A,Youtube.com,,,,
258,106.577829,192.168.122.1,192.168.122.72,DNS,98,0.000753,Standard,query,response,0xe0d4,A,Youtube.com,,,,
266,106.619825,192.168.122.1,192.168.122.72,DNS,129,0.014456,Standard,query,response,0x821d,A,Amazon.com,,,,
292,116.654052,192.168.122.1,192.168.122.72,DNS,129,0.015561,Standard,query,response,0x64e5,A,Amazon.com,,,,
312,126.704209,192.168.122.1,192.168.122.72,DNS,129,0.01822,Standard,query,response,0xcaca,A,Amazon.com,,,,
320,126.781297,192.168.122.1,192.168.122.72,DNS,129,0.002098,Standard,query,response,0x53b6,A,Amazon.com,,,,
351,136.825856,192.168.122.1,192.168.122.72,DNS,129,0.018987,Standard,query,response,0x80e7,A,Amazon.com,,,,
359,136.895191,192.168.122.1,192.168.122.72,DNS,176,0.01485,Standard,query,response,0xf058,A,Yahoo.com,,,,
366,137.045831,192.168.122.1,192.168.122.72,DNS,176,0.00144,Standard,query,response,0x148a,A,Yahoo.com,,,,
375,137.099018,192.168.122.1,192.168.122.72,DNS,176,0.001437,Standard,query,response,0xf955,A,Yahoo.com,,,,
383,137.216104,192.168.122.1,192.168.122.72,DNS,176,0.001557,Standard,query,response,0xe754,A,Yahoo.com,,,,
391,137.305757,192.168.122.1,192.168.122.72,DNS,176,0.001706,Standard,query,response,0x6aae,A,Yahoo.com,,,,
401,137.386338,192.168.122.1,192.168.122.72,DNS,99,0.017096,Standard,query,response,0xdcda,A,Facebook.com,,,,
408,137.43943,192.168.122.1,192.168.122.72,DNS,99,0.001357,Standard,query,response,0x8b45,A,Facebook.com,,,,
416,137.481447,192.168.122.1,192.168.122.72,DNS,99,0.001414,Standard,query,response,0xb9cb,A,Facebook.com,,,,
423,137.520308,192.168.122.1,192.168.122.72,DNS,99,0.00123,Standard,query,response,0x8973,A,Facebook.com,,,,
432,137.549324,192.168.122.1,192.168.122.72,DNS,99,0.001126,Standard,query,response,0x39d4,A,Facebook.com,,,,
440,137.59527,192.168.122.1,192.168.122.72,DNS,145,0.012041,Standard,query,response,0x93f3,A,Reddit.com,,,,
467,147.649773,192.168.122.1,192.168.122.72,DNS,145,0.017463,Standard,query,response,0xce45,A,Reddit.com,,,,
486,157.675499,192.168.122.1,192.168.122.72,DNS,145,0.01283,Standard,query,response,0x1fdb,A,Reddit.com,,,,
514,167.703967,192.168.122.1,192.168.122.72,DNS,145,0.014979,Standard,query,response,0x12cc,A,Reddit.com,,,,
573,187.79804,192.168.122.1,192.168.122.72,DNS,145,0.021377,Standard,query,response,0x4d12,A,Reddit.com,,,,
574,187.809348,192.168.122.1,192.168.122.72,DNS,94,0.017004,Standard,query,response,0xa055,A,Zoom.us,,,,
591,197.864654,192.168.122.1,192.168.122.72,DNS,94,0.014485,Standard,query,response,0x34eb,A,Zoom.us,,,,
630,212.913713,192.168.122.1,192.168.122.72,DNS,94,0.02353,Standard,query,response,0x4e8b,A,Zoom.us,,,,
651,222.954364,192.168.122.1,192.168.122.72,DNS,94,0.016823,Standard,query,response,0x0bec,A,Zoom.us,,,,
678,232.995384,192.168.122.1,192.168.122.72,DNS,94,0.015052,Standard,query,response,0x6405,A,Zoom.us,,,,
700,243.024303,192.168.122.1,192.168.122.72,DNS,100,0.013449,Standard,query,response,0xf320,A,Wikipedia.org,,,,
708,243.07347,192.168.122.1,192.168.122.72,DNS,100,0.001081,Standard,query,response,0x45c0,A,Wikipedia.org,,,,
716,243.114464,192.168.122.1,192.168.122.72,DNS,100,0.001027,Standard,query,response,0x453d,A,Wikipedia.org,,,,
725,243.154041,192.168.122.1,192.168.122.72,DNS,100,0.001185,Standard,query,response,0x95ed,A,Wikipedia.org,,,,
733,243.188931,192.168.122.1,192.168.122.72,DNS,100,0.001203,Standard,query,response,0x7dd4,A,Wikipedia.org,,,,
741,243.244526,192.168.122.1,192.168.122.72,DNS,111,0.016574,Standard,query,response,0xd42a,A,Ebay.com,,,,
765,253.294819,192.168.122.1,192.168.122.72,DNS,111,0.019646,Standard,query,response,0x981c,A,Ebay.com,,,,
786,263.324705,192.168.122.1,192.168.122.72,DNS,111,0.011526,Standard,query,response,0x229a,A,Ebay.com,,,,
799,270.679637,192.168.122.1,192.168.122.72,DNS,132,0.019256,Standard,query,response,0xe8de,A,connectivity-check.ubuntu.com,,,,
815,273.362013,192.168.122.1,192.168.122.72,DNS,111,0.013623,Standard,query,response,0x1ed6,A,Ebay.com,,,,
830,283.39649,192.168.122.1,192.168.122.72,DNS,111,0.015547,Standard,query,response,0xe85a,A,Ebay.com,,,,
847,290.66762,192.168.122.1,192.168.122.72,DNS,132,0.014369,Standard,query,response,0x93f9,A,connectivity-check.ubuntu.com,,,,
852,291.612419,192.168.122.1,192.168.122.72,DNS,119,0.012532,Standard,query,response,0x8950,A,daisy.ubuntu.com,,,,
871,293.42747,192.168.122.1,192.168.122.72,DNS,100,0.016846,Standard,query,response,0x354e,A,Myshopify.com,,,,
879,293.475991,192.168.122.1,192.168.122.72,DNS,100,0.001261,Standard,query,response,0x63bf,A,Myshopify.com,,,,
887,293.506433,192.168.122.1,192.168.122.72,DNS,100,0.000913,Standard,query,response,0xce14,A,Myshopify.com,,,,
895,293.536807,192.168.122.1,192.168.122.72,DNS,100,0.000867,Standard,query,response,0x0b63,A,Myshopify.com,,,,
903,293.566761,192.168.122.1,192.168.122.72,DNS,100,0.001421,Standard,query,response,0xa6db,A,Myshopify.com,,,,
911,293.607875,192.168.122.1,192.168.122.72,DNS,111,0.012024,Standard,query,response,0x80ac,A,Bing.com,,,,
919,293.661506,192.168.122.1,192.168.122.72,DNS,111,0.001145,Standard,query,response,0xe327,A,Bing.com,,,,
942,303.703018,192.168.122.1,192.168.122.72,DNS,111,0.014913,Standard,query,response,0xe173,A,Bing.com,,,,
960,313.733407,192.168.122.1,192.168.122.72,DNS,111,0.014955,Standard,query,response,0x7cf7,A,Bing.com,,,,
967,313.780827,192.168.122.1,192.168.122.72,DNS,111,0.001195,Standard,query,response,0x8066,A,Bing.com,,,,
990,323.80805,192.168.122.1,192.168.122.72,DNS,210,0.014443,Standard,query,response,0xc2c2,A,Netflix.com,OPT,,,
1007,333.856105,192.168.122.1,192.168.122.72,DNS,210,0.01391,Standard,query,response,0x450b,A,Netflix.com,OPT,,,
1018,343.892154,192.168.122.1,192.168.122.72,DNS,210,0.016218,Standard,query,response,0x26c1,A,Netflix.com,OPT,,,
1069,368.983386,192.168.122.1,192.168.122.72,DNS,210,0.016307,Standard,query,response,0x50d4,A,Netflix.com,OPT,,,
1083,379.031269,192.168.122.1,192.168.122.72,DNS,97,0.015012,Standard,query,response,0x11f4,A,Office.com,,,,
1120,394.062973,192.168.122.1,192.168.122.72,DNS,97,0.0143,Standard,query,response,0x7fcf,A,Office.com,,,,
1141,404.0916,192.168.122.1,192.168.122.72,DNS,97,0.014,Standard,query,response,0xb06c,A,Office.com,,,,
1165,414.127484,192.168.122.1,192.168.122.72,DNS,97,0.017115,Standard,query,response,0x93c2,A,Office.com,,,,
1190,424.183825,192.168.122.1,192.168.122.72,DNS,97,0.016935,Standard,query,response,0x81e7,A,Office.com,,,,
1216,434.216185,192.168.122.1,192.168.122.72,DNS,144,0.016686,Standard,query,response,0x71bf,A,Twitch.tv,,,,
1238,444.24512,192.168.122.1,192.168.122.72,DNS,144,0.012215,Standard,query,response,0xd781,A,Twitch.tv,,,,
1295,459.405948,192.168.122.1,192.168.122.72,DNS,144,0.014419,Standard,query,response,0xbf31,A,Twitch.tv,,,,
1296,459.406503,192.168.122.1,192.168.122.72,DNS,144,0.014941,Standard,query,response,0x4813,A,Twitch.tv,,,,
1299,459.406637,192.168.122.72,192.168.122.1,ICMP,172,,Destination,unreachable,(Port,unreachable),,,,,,
1342,474.445744,192.168.122.1,192.168.122.72,DNS,144,0.020399,Standard,query,response,0x533a,A,Twitch.tv,,,,
1361,484.477626,192.168.122.1,192.168.122.72,DNS,144,0.017853,Standard,query,response,0x5401,A,Twitch.tv,,,,
1384,494.507926,192.168.122.1,192.168.122.72,DNS,95,0.015001,Standard,query,response,0xb4af,A,Live.com,,,,
1391,494.565447,192.168.122.1,192.168.122.72,DNS,95,0.00097,Standard,query,response,0x0e70,A,Live.com,,,,
1399,494.596443,192.168.122.1,192.168.122.72,DNS,95,0.00114,Standard,query,response,0x1f2f,A,Live.com,,,,
1407,494.626883,192.168.122.1,192.168.122.72,DNS,95,0.002023,Standard,query,response,0x51f2,A,Live.com,,,,
1415,494.659066,192.168.122.1,192.168.122.72,DNS,95,0.001237,Standard,query,response,0xbcdc,A,Live.com,,,,
1424,494.705518,192.168.122.1,192.168.122.72,DNS,164,0.0163,Standard,query,response,0xec87,A,Microsoft.com,,,,
1444,504.76017,192.168.122.1,192.168.122.72,DNS,164,0.020882,Standard,query,response,0xce4e,A,Microsoft.com,,,0.017530333,
1476,515.496201,192.168.122.1,192.168.122.72,DNS,164,0.695012,Standard,query,response,0x6123,A,Microsoft.com,,,,
1513,535.540744,192.168.122.1,192.168.122.72,DNS,164,0.015409,Standard,query,response,0x583e,A,Microsoft.com,,,,
1531,545.587226,192.168.122.1,192.168.122.72,DNS,117,0.014102,Standard,query,response,0x69d7,A,Chaturbate.com,,,,
1551,555.628868,192.168.122.1,192.168.122.72,DNS,117,0.018074,Standard,query,response,0x42f5,A,Chaturbate.com,,,,
1583,565.659663,192.168.122.1,192.168.122.72,DNS,117,0.017133,Standard,query,response,0xbb9a,A,Chaturbate.com,,,,
1603,575.685598,192.168.122.1,192.168.122.72,DNS,117,0.013534,Standard,query,response,0xd818,A,Chaturbate.com,,,,
1626,585.743697,192.168.122.1,192.168.122.72,DNS,117,0.013457,Standard,query,response,0xc20a,A,Chaturbate.com,,,,
1642,591.665337,192.168.122.1,192.168.122.72,DNS,132,0.020009,Standard,query,response,0x2ad2,A,connectivity-check.ubuntu.com,,,,
1665,595.802911,192.168.122.1,192.168.122.72,DNS,192,0.016511,Standard,query,response,0x1df1,A,Chase.com,,,,
1684,605.863986,192.168.122.1,192.168.122.72,DNS,192,0.013628,Standard,query,response,0x7c94,A,Chase.com,,,,
1740,630.956039,192.168.122.1,192.168.122.72,DNS,192,0.021232,Standard,query,response,0x0954,A,Chase.com,,,,
1761,640.988755,192.168.122.1,192.168.122.72,DNS,192,0.018571,Standard,query,response,0xf4c1,A,Chase.com,,,,
1778,651.032943,192.168.122.1,192.168.122.72,DNS,212,0.013667,Standard,query,response,0x2452,A,Instagram.com,OPT,,,
1786,651.239254,192.168.122.1,192.168.122.72,DNS,212,0.002012,Standard,query,response,0x9d76,A,Instagram.com,OPT,,,
1794,651.434589,192.168.122.1,192.168.122.72,DNS,212,0.003029,Standard,query,response,0xd149,A,Instagram.com,OPT,,,
1802,651.469233,192.168.122.1,192.168.122.72,DNS,212,0.000644,Standard,query,response,0xf89e,A,Instagram.com,OPT,,,
1810,651.53017,192.168.122.1,192.168.122.72,DNS,212,0.001017,Standard,query,response,0xbefe,A,Instagram.com,OPT,,,
1819,651.608632,192.168.122.1,192.168.122.72,DNS,142,0.015241,Standard,query,response,0xa444,A,Cnn.com,,,,
1840,661.659726,192.168.122.1,192.168.122.72,DNS,142,0.014535,Standard,query,response,0xa3b9,A,Cnn.com,,,,
1899,681.729957,192.168.122.1,192.168.122.72,DNS,142,0.018516,Standard,query,response,0x5249,A,Cnn.com,,,,
1924,691.788704,192.168.122.1,192.168.122.72,DNS,142,0.019994,Standard,query,response,0x609d,A,Cnn.com,,,,
1979,711.854377,192.168.122.1,192.168.122.72,DNS,145,0.018942,Standard,query,response,0x00a3,A,Zillow.com,,,,
1987,711.904042,192.168.122.1,192.168.122.72,DNS,145,0.001332,Standard,query,response,0x66d3,A,Zillow.com,,,,
1995,711.972122,192.168.122.1,192.168.122.72,DNS,145,0.00147,Standard,query,response,0x882b,A,Zillow.com,,,,
2003,712.017542,192.168.122.1,192.168.122.72,DNS,145,0.001307,Standard,query,response,0x223c,A,Zillow.com,,,,
2011,712.07692,192.168.122.1,192.168.122.72,DNS,128,0.011294,Standard,query,response,0xb022,A,Apple.com,,,,
2025,722.123088,192.168.122.1,192.168.122.72,DNS,128,0.016275,Standard,query,response,0xe120,A,Apple.com,,,,
2039,732.165399,192.168.122.1,192.168.122.72,DNS,128,0.01583,Standard,query,response,0x7e4d,A,Apple.com,,,,
2066,742.193654,192.168.122.1,192.168.122.72,DNS,128,0.011441,Standard,query,response,0xea95,A,Apple.com,,,,
2128,767.289633,192.168.122.1,192.168.122.72,DNS,128,0.017928,Standard,query,response,0x3937,A,Apple.com,,,,
2129,767.289687,192.168.122.1,192.168.122.72,DNS,122,0.018003,Standard,query,response,0xc774,A,Microsoftonline.com,,,,
2151,777.320238,192.168.122.1,192.168.122.72,DNS,122,0.012192,Standard,query,response,0x90fa,A,Microsoftonline.com,,,,
2172,787.361743,192.168.122.1,192.168.122.72,DNS,122,0.014331,Standard,query,response,0x5f76,A,Microsoftonline.com,,,,
2192,797.40266,192.168.122.1,192.168.122.72,DNS,122,0.018326,Standard,query,response,0xe163,A,Microsoftonline.com,,,,
2217,807.442279,192.168.122.1,192.168.122.72,DNS,122,0.015783,Standard,query,response,0x053e,A,Microsoftonline.com,,,,
2249,827.488415,192.168.122.1,192.168.122.72,DNS,146,0.016574,Standard,query,response,0xe3e1,A,Nytimes.com,,,,
2302,847.533719,192.168.122.1,192.168.122.72,DNS,146,0.024151,Standard,query,response,0xf6d5,A,Nytimes.com,,,,
2362,867.576158,192.168.122.1,192.168.122.72,DNS,146,0.014079,Standard,query,response,0xdb7f,A,Nytimes.com,,,,
2364,867.90783,192.168.122.1,192.168.122.72,DNS,101,0.340143,Standard,query,response,0xd03d,A,Aliexpress.com,,,,
2393,877.936735,192.168.122.1,192.168.122.72,DNS,101,0.0147,Standard,query,response,0x4d46,A,Aliexpress.com,,,,
2421,887.970028,192.168.122.1,192.168.122.72,DNS,101,0.019459,Standard,query,response,0x67a4,A,Aliexpress.com,,,,
2435,891.639058,192.168.122.1,192.168.122.72,DNS,132,0.019872,Standard,query,response,0xe0de,A,connectivity-check.ubuntu.com,,,,
2456,898.012657,192.168.122.1,192.168.122.72,DNS,101,0.018467,Standard,query,response,0x18d2,A,Aliexpress.com,,,,
2473,908.041534,192.168.122.1,192.168.122.72,DNS,101,0.013959,Standard,query,response,0x5766,A,Aliexpress.com,,,,
2493,918.102312,192.168.122.1,192.168.122.72,DNS,114,0.017949,Standard,query,response,0x91e0,A,Walmart.com,,,,
2510,928.155052,192.168.122.1,192.168.122.72,DNS,114,0.017538,Standard,query,response,0xcd3d,A,Walmart.com,,,,
2528,938.203808,192.168.122.1,192.168.122.72,DNS,114,0.016694,Standard,query,response,0x9f2f,A,Walmart.com,,,,
2580,963.272118,192.168.122.1,192.168.122.72,DNS,114,0.020269,Standard,query,response,0xfb67,A,Walmart.com,,,,
2619,973.533286,192.168.122.1,192.168.122.72,DNS,99,0.225794,Standard,query,response,0xd064,A,Linkedin.com,,,,
2645,985.169508,192.168.122.1,192.168.122.72,DNS,99,2.551989,Standard,query,response,0x0c33,A,Linkedin.com,,,,0.060315
2659,990.242707,192.168.122.1,192.168.122.72,DNS,99,0.012389,Standard,query,response,0xc670,A,Linkedin.com,,,,
2667,990.291673,192.168.122.1,192.168.122.72,DNS,99,0.001438,Standard,query,response,0xe463,A,Linkedin.com,,,,
2675,990.337042,192.168.122.1,192.168.122.72,DNS,99,0.001639,Standard,query,response,0xc9db,A,Linkedin.com,,,,
2684,990.394376,192.168.122.1,192.168.122.72,DNS,98,0.012759,Standard,query,response,0xf348,A,Dropbox.com,,,,
2702,1000.425886,192.168.122.1,192.168.122.72,DNS,98,0.016847,Standard,query,response,0x56f0,A,Dropbox.com,,,,
2717,1005.512087,192.168.122.1,192.168.122.72,DNS,98,0.01592,Standard,query,response,0x7070,A,Dropbox.com,,,,
2736,1015.538598,192.168.122.1,192.168.122.72,DNS,98,0.011577,Standard,query,response,0xa371,A,Dropbox.com,,,,
2757,1025.577302,192.168.122.1,192.168.122.72,DNS,98,0.015119,Standard,query,response,0x7160,A,Dropbox.com,,,,
2850,1055.655978,192.168.122.1,192.168.122.72,DNS,112,0.013136,Standard,query,response,0xe768,A,Tmall.com,,,,
2903,1075.709575,192.168.122.1,192.168.122.72,DNS,112,0.015973,Standard,query,response,0x995c,A,Tmall.com,,,,
2925,1085.757675,192.168.122.1,192.168.122.72,DNS,143,0.015595,Standard,query,response,0x3526,A,Etsy.com,,,,
2944,1095.821702,192.168.122.1,192.168.122.72,DNS,143,0.015876,Standard,query,response,0x634b,A,Etsy.com,,,,
2969,1105.878151,192.168.122.1,192.168.122.72,DNS,143,0.018602,Standard,query,response,0xc463,A,Etsy.com,,,,
3005,1120.920123,192.168.122.1,192.168.122.72,DNS,143,0.02058,Standard,query,response,0xe411,A,Etsy.com,,,,
3019,1130.968218,192.168.122.1,192.168.122.72,DNS,143,0.017726,Standard,query,response,0xce79,A,Etsy.com,,,,
3038,1141.004094,192.168.122.1,192.168.122.72,DNS,101,0.01456,Standard,query,response,0x07ad,A,Craigslist.org,,,,
3046,1141.293943,192.168.122.1,192.168.122.72,DNS,101,0.001596,Standard,query,response,0x261b,A,Craigslist.org,,,,
3054,1141.331877,192.168.122.1,192.168.122.72,DNS,101,0.001141,Standard,query,response,0xc220,A,Craigslist.org,,,,
3062,1141.377416,192.168.122.1,192.168.122.72,DNS,101,0.001595,Standard,query,response,0x8420,A,Craigslist.org,,,,
3070,1141.416539,192.168.122.1,192.168.122.72,DNS,101,0.001475,Standard,query,response,0x4f09,A,Craigslist.org,,,,
3078,1141.467593,192.168.122.1,192.168.122.72,DNS,112,0.015251,Standard,query,response,0x668c,A,Adobe.com,,,,
3095,1151.510756,192.168.122.1,192.168.122.72,DNS,112,0.017597,Standard,query,response,0x89ee,A,Adobe.com,,,,
3103,1151.674144,192.168.122.1,192.168.122.72,DNS,112,0.002817,Standard,query,response,0x3d00,A,Adobe.com,,,,
3116,1161.72244,192.168.122.1,192.168.122.72,DNS,112,0.013611,Standard,query,response,0x6bb8,A,Adobe.com,,,,
3124,1161.889413,192.168.122.1,192.168.122.72,DNS,112,0.001434,Standard,query,response,0xfd87,A,Adobe.com,,,,
3148,1171.946841,192.168.122.1,192.168.122.72,DNS,114,0.01888,Standard,query,response,0x17b1,A,Twitter.com,,,,
3173,1181.995866,192.168.122.1,192.168.122.72,DNS,114,0.017917,Standard,query,response,0x2d8f,A,Twitter.com,,,,
3258,1207.073377,192.168.122.1,192.168.122.72,DNS,114,0.015181,Standard,query,response,0xb377,A,Twitter.com,,,,
3261,1207.087555,192.168.122.1,192.168.122.72,DNS,132,0.029342,Standard,query,response,0x836b,A,connectivity-check.ubuntu.com,,,,
3297,1217.122397,192.168.122.1,192.168.122.72,DNS,114,0.016683,Standard,query,response,0x2098,A,Twitter.com,,,,
3303,1217.186222,192.168.122.1,192.168.122.72,DNS,133,0.015042,Standard,query,response,0x4249,A,Wellsfargo.com,,,,
3324,1227.218107,192.168.122.1,192.168.122.72,DNS,133,0.015681,Standard,query,response,0x3483,A,Wellsfargo.com,,,,
3365,1247.270375,192.168.122.1,192.168.122.72,DNS,133,0.015229,Standard,query,response,0x8e44,A,Wellsfargo.com,,,,
3380,1257.299218,192.168.122.1,192.168.122.72,DNS,133,0.011554,Standard,query,response,0x3914,A,Wellsfargo.com,,,,
3392,1267.334686,192.168.122.1,192.168.122.72,DNS,101,0.015992,Standard,query,response,0x7e91,A,Livejasmin.com,,,,
3418,1277.457903,192.168.122.1,192.168.122.72,DNS,101,0.012966,Standard,query,response,0xa2b2,A,Livejasmin.com,,,,
3438,1287.495282,192.168.122.1,192.168.122.72,DNS,101,0.015793,Standard,query,response,0xdc92,A,Livejasmin.com,,,,
3452,1297.527641,192.168.122.1,192.168.122.72,DNS,101,0.016413,Standard,query,response,0x6ab4,A,Livejasmin.com,,,,
3502,1317.574996,192.168.122.1,192.168.122.72,DNS,101,0.01226,Standard,query,response,0x29f8,A,Livejasmin.com,,,,
3505,1317.58534,192.168.122.1,192.168.122.72,DNS,144,0.017047,Standard,query,response,0x258c,A,Force.com,,,,
3512,1317.816907,192.168.122.1,192.168.122.72,DNS,144,0.000683,Standard,query,response,0xf9e7,A,Force.com,,,,
3520,1317.901329,192.168.122.1,192.168.122.72,DNS,144,0.001318,Standard,query,response,0x26ee,A,Force.com,,,,
3529,1317.998087,192.168.122.1,192.168.122.72,DNS,144,0.001491,Standard,query,response,0xeca1,A,Force.com,,,,
3537,1318.107795,192.168.122.1,192.168.122.72,DNS,144,0.002035,Standard,query,response,0x61ea,A,Force.com,,,,
3545,1318.256226,192.168.122.1,192.168.122.72,DNS,96,0.017052,Standard,query,response,0x3d9e,A,Imgur.com,,,,
3574,1328.288349,192.168.122.1,192.168.122.72,DNS,96,0.015867,Standard,query,response,0xc2b5,A,Imgur.com,,,,
3600,1338.321175,192.168.122.1,192.168.122.72,DNS,96,0.015136,Standard,query,response,0xed01,A,Imgur.com,,,,
3644,1353.385354,192.168.122.1,192.168.122.72,DNS,96,0.019716,Standard,query,response,0x097f,A,Imgur.com,,,,
3676,1363.433244,192.168.122.1,192.168.122.72,DNS,96,0.018689,Standard,query,response,0x3d57,A,Imgur.com,,,,
3698,1373.476645,192.168.122.1,192.168.122.72,DNS,149,0.015083,Standard,query,response,0x34f0,A,Salesforce.com,,,,
3706,1373.59404,192.168.122.1,192.168.122.72,DNS,149,0.001109,Standard,query,response,0x9596,A,Salesforce.com,,,,
3714,1373.682516,192.168.122.1,192.168.122.72,DNS,149,0.002142,Standard,query,response,0x1e57,A,Salesforce.com,,,,
3722,1373.786426,192.168.122.1,192.168.122.72,DNS,149,0.001425,Standard,query,response,0x6092,A,Salesforce.com,,,,
3730,1373.863952,192.168.122.1,192.168.122.72,DNS,149,0.001197,Standard,query,response,0x5c48,A,Salesforce.com,,,,
3738,1374.007108,192.168.122.1,192.168.122.72,DNS,95,0.013683,Standard,query,response,0x4839,A,Okta.com,,,,
3755,1384.068469,192.168.122.1,192.168.122.72,DNS,95,0.018745,Standard,query,response,0x7fea,A,Okta.com,,,,
3770,1394.115925,192.168.122.1,192.168.122.72,DNS,95,0.016156,Standard,query,response,0x966f,A,Okta.com,,,,
3782,1404.180481,192.168.122.1,192.168.122.72,DNS,95,0.015834,Standard,query,response,0x4350,A,Okta.com,,,,
3804,1414.225059,192.168.122.1,192.168.122.72,DNS,95,0.015603,Standard,query,response,0x5289,A,Okta.com,,,,
3848,1429.267386,192.168.122.1,192.168.122.72,DNS,100,0.018748,Standard,query,response,0xd811,A,Homedepot.com,,,,
3855,1429.330865,192.168.122.1,192.168.122.72,DNS,100,0.000633,Standard,query,response,0x4b7c,A,Homedepot.com,,,,
3864,1429.365737,192.168.122.1,192.168.122.72,DNS,100,0.001613,Standard,query,response,0x9e7c,A,Homedepot.com,,,,
3872,1429.39607,192.168.122.1,192.168.122.72,DNS,100,0.000639,Standard,query,response,0x18e9,A,Homedepot.com,,,,
3880,1429.42624,192.168.122.1,192.168.122.72,DNS,100,0.000768,Standard,query,response,0x47f5,A,Homedepot.com,,,,
3888,1429.470576,192.168.122.1,192.168.122.72,DNS,98,0.014373,Standard,query,response,0xff59,A,Pornhub.com,,,,
3896,1429.524442,192.168.122.1,192.168.122.72,DNS,98,0.000978,Standard,query,response,0x2cf3,A,Pornhub.com,,,,
3904,1429.556654,192.168.122.1,192.168.122.72,DNS,98,0.00102,Standard,query,response,0x83e6,A,Pornhub.com,,,,
3912,1429.589093,192.168.122.1,192.168.122.72,DNS,98,0.001528,Standard,query,response,0x6392,A,Pornhub.com,,,,
3920,1429.623474,192.168.122.1,192.168.122.72,DNS,98,0.000918,Standard,query,response,0xf401,A,Pornhub.com,,,,
3928,1429.669484,192.168.122.1,192.168.122.72,DNS,125,0.013385,Standard,query,response,0x16cd,A,Qq.com,,,,
3947,1439.936896,192.168.122.1,192.168.122.72,DNS,125,0.015466,Standard,query,response,0xf154,A,Qq.com,,,,
3978,1449.969082,192.168.122.1,192.168.122.72,DNS,125,0.01331,Standard,query,response,0xd59a,A,Qq.com,,,,
3998,1460.027753,192.168.122.1,192.168.122.72,DNS,125,0.021819,Standard,query,response,0xfc5a,A,Qq.com,,,,
4023,1470.058908,192.168.122.1,192.168.122.72,DNS,125,0.01566,Standard,query,response,0x27d2,A,Qq.com,,,,
4044,1480.093045,192.168.122.1,192.168.122.72,DNS,94,0.017029,Standard,query,response,0xaf26,A,Msn.com,,,,
4063,1490.131745,192.168.122.1,192.168.122.72,DNS,94,0.017589,Standard,query,response,0xe9f3,A,Msn.com,,,,
4067,1491.652481,192.168.122.1,192.168.122.72,DNS,132,0.017062,Standard,query,response,0xd4c6,A,connectivity-check.ubuntu.com,,,,
4090,1500.157726,192.168.122.1,192.168.122.72,DNS,94,0.011727,Standard,query,response,0x458f,A,Msn.com,,,,
4102,1510.198909,192.168.122.1,192.168.122.72,DNS,94,0.011464,Standard,query,response,0xde6a,A,Msn.com,,,,
4125,1520.247522,192.168.122.1,192.168.122.72,DNS,94,0.01697,Standard,query,response,0xd26d,A,Msn.com,,,,
4174,1540.331125,192.168.122.1,192.168.122.72,DNS,95,0.017812,Standard,query,response,0x9623,A,Hulu.com,,,,
4183,1540.377245,192.168.122.1,192.168.122.72,DNS,95,0.001228,Standard,query,response,0xf41d,A,Hulu.com,,,,
4191,1540.406519,192.168.122.1,192.168.122.72,DNS,95,0.000898,Standard,query,response,0x9a38,A,Hulu.com,,,,
4199,1540.43452,192.168.122.1,192.168.122.72,DNS,95,0.000959,Standard,query,response,0xf86e,A,Hulu.com,,,,
4207,1540.478655,192.168.122.1,192.168.122.72,DNS,95,0.01818,Standard,query,response,0xb7bc,A,Usps.com,,,,
4220,1550.51963,192.168.122.1,192.168.122.72,DNS,95,0.015001,Standard,query,response,0x2584,A,Usps.com,,,,
4233,1560.574942,192.168.122.1,192.168.122.72,DNS,95,0.028436,Standard,query,response,0xfe3c,A,Usps.com,,,,
4248,1570.613106,192.168.122.1,192.168.122.72,DNS,95,0.012371,Standard,query,response,0x515b,A,Usps.com,,,,
4260,1580.674194,192.168.122.1,192.168.122.72,DNS,95,0.015623,Standard,query,response,0xf66f,A,Usps.com,,,,
4273,1590.703922,192.168.122.1,192.168.122.72,DNS,127,0.012774,Standard,query,response,0xe890,A,Imdb.com,,,,
4289,1600.747472,192.168.122.1,192.168.122.72,DNS,127,0.014666,Standard,query,response,0xa37f,A,Imdb.com,,,,
4312,1610.788446,192.168.122.1,192.168.122.72,DNS,127,0.01523,Standard,query,response,0xb2db,A,Imdb.com,,,,
4370,1630.862389,192.168.122.1,192.168.122.72,DNS,127,0.017723,Standard,query,response,0x62f0,A,Imdb.com,,,,
4404,1640.897277,192.168.122.1,192.168.122.72,DNS,97,0.015466,Standard,query,response,0x8d24,A,Intuit.com,,,,
4411,1640.972759,192.168.122.1,192.168.122.72,DNS,97,0.000628,Standard,query,response,0xe4d9,A,Intuit.com,,,,
4419,1641.026571,192.168.122.1,192.168.122.72,DNS,97,0.001,Standard,query,response,0x404a,A,Intuit.com,,,,
4427,1641.0759,192.168.122.1,192.168.122.72,DNS,97,0.001562,Standard,query,response,0x123b,A,Intuit.com,,,,
4435,1641.144701,192.168.122.1,192.168.122.72,DNS,97,0.000812,Standard,query,response,0x9208,A,Intuit.com,,,,
4444,1641.211975,192.168.122.1,192.168.122.72,DNS,97,0.015733,Standard,query,response,0x5609,A,Indeed.com,,,,
4451,1641.259208,192.168.122.1,192.168.122.72,DNS,97,0.000505,Standard,query,response,0xe3c5,A,Indeed.com,,,,
4459,1641.297155,192.168.122.1,192.168.122.72,DNS,97,0.000752,Standard,query,response,0x9be8,A,Indeed.com,,,,
4467,1641.335539,192.168.122.1,192.168.122.72,DNS,97,0.001665,Standard,query,response,0x0045,A,Indeed.com,,,,
4475,1641.37055,192.168.122.1,192.168.122.72,DNS,97,0.000562,Standard,query,response,0x4123,A,Indeed.com,,,,
4483,1641.421196,192.168.122.1,192.168.122.72,DNS,95,0.014828,Standard,query,response,0x90e9,A,Sohu.com,,,,
4573,1676.821172,192.168.122.1,192.168.122.72,DNS,95,0.016154,Standard,query,response,0xe5be,A,Sohu.com,,,,
4590,1686.861019,192.168.122.1,192.168.122.72,DNS,95,0.013653,Standard,query,response,0x63b7,A,Sohu.com,,,,
4602,1696.896973,192.168.122.1,192.168.122.72,DNS,118,0.013029,Standard,query,response,0x61a3,A,Instructure.com,,,,
4624,1706.934642,192.168.122.1,192.168.122.72,DNS,118,0.017653,Standard,query,response,0xd6aa,A,Instructure.com,,,,
4648,1716.966287,192.168.122.1,192.168.122.72,DNS,118,0.011145,Standard,query,response,0x1de3,A,Instructure.com,,,,
4666,1727.009599,192.168.122.1,192.168.122.72,DNS,118,0.017607,Standard,query,response,0xbcee,A,Instructure.com,,,,
4702,1747.080043,192.168.122.1,192.168.122.72,DNS,118,0.015795,Standard,query,response,0xb83a,A,Instructure.com,,,,
4762,1791.662821,192.168.122.1,192.168.122.72,DNS,132,0.018549,Standard,query,response,0xdf0f,A,connectivity-check.ubuntu.com,,,,
4796,1811.616487,192.168.122.1,192.168.122.72,DNS,132,0.019491,Standard,query,response,0x7242,A,connectivity-check.ubuntu.com,,,,
4802,1812.572112,192.168.122.1,192.168.122.72,DNS,119,0.023234,Standard,query,response,0x69f7,A,daisy.ubuntu.com,,,,
